date,holiday
2024-11-30,noVA_0
2024-12-01,noVA_0
2024-12-02,noVA_0
2024-12-03,noVA_0
2024-12-04,noVA_0
2024-12-05,noVA_0
2024-12-06,noVA_0
2024-12-07,noVA_0
2024-12-08,VA_0
2024-12-10,noVA_0
2024-12-11,noVA_0
2024-12-14,noVA_0
2024-12-15,noVA_0
2024-12-16,noVA_0
2024-12-17,noVA_0
2024-12-18,noVA_0
2024-12-19,noVA_0
2024-12-20,noVA_0
2024-12-22,noVA_0
2024-12-23,noVA_0
2024-12-24,noVA_0
2024-12-25,VA_0
2024-12-26,VA_0
2024-12-27,noVA_0
2024-12-28,noVA_0
2024-12-30,noVA_0
2024-12-31,noVA_0
2025-01-02,noVA_0
2025-01-03,noVA_0
2025-01-04,noVA_0
2025-01-05,noVA_0
2025-01-06,VA_0
2025-01-07,noVA_0
2025-01-08,noVA_0
2025-01-09,noVA_0
2025-01-10,noVA_0
2025-01-11,noVA_0
2025-01-12,noVA_0
2025-01-13,noVA_0
2025-01-14,noVA_0
2025-01-15,noVA_0
2025-01-16,noVA_0
2025-01-17,noVA_0
2025-01-18,noVA_0
2025-01-19,noVA_0
2025-01-20,noVA_0
2025-01-21,noVA_0
2025-01-22,noVA_0
2025-01-23,noVA_0
2025-01-24,noVA_0
2025-01-28,noVA_0
2025-01-29,noVA_0
2025-01-30,noVA_0
2025-02-01,noVA_0
2025-02-02,noVA_0
2025-02-03,noVA_0
2025-02-04,noVA_0
2025-02-05,noVA_0
2025-02-06,noVA_0
2025-02-07,noVA_0
2025-02-08,noVA_0
2025-02-09,noVA_0
2025-02-10,noVA_0
2025-02-11,noVA_0
2025-02-12,noVA_0
2025-02-13,noVA_0
2025-02-14,noVA_0
2025-02-16,noVA_0
2025-02-17,noVA_0
2025-02-19,noVA_0
2025-02-20,noVA_0
2025-02-21,noVA_0
2025-02-22,noVA_0
2025-02-23,noVA_0
2025-02-24,noVA_0
2025-03-06,noVA_0
2025-03-07,noVA_0
2025-03-08,noVA_0
2025-03-09,noVA_0
2025-03-10,noVA_0
2025-03-11,noVA_0
2025-03-12,noVA_0
2025-03-13,noVA_0
2025-03-14,noVA_0
2025-03-15,noVA_0
2025-03-16,noVA_0
2025-03-17,noVA_0
2025-03-18,noVA_0
2025-03-19,noVA_0
2025-03-20,noVA_0
2025-03-21,noVA_0
2025-03-22,noVA_0
2025-03-23,noVA_0
2025-03-25,noVA_0
2025-03-26,noVA_0
2025-03-27,noVA_0
2025-03-28,noVA_0
2025-03-29,noVA_0
2025-03-30,noVA_0
2025-03-31,noVA_0
2025-04-01,noVA_0
2025-04-03,noVA_0
2025-04-04,noVA_0
2025-04-05,noVA_0
2025-04-06,noVA_0
2025-04-07,noVA_0
2025-04-08,noVA_0
2025-04-09,noVA_0
2025-04-10,noVA_0
2025-04-11,noVA_0
2025-04-13,noVA_0
2025-04-14,noVA_0
2025-04-15,noVA_0
2025-04-16,noVA_0
2025-04-17,noVA_0
2025-04-18,noVA_0
2025-04-19,noVA_0
2025-04-20,VA_0
2025-04-21,VA_0
2025-04-22,noVA_0
2025-04-23,noVA_0
2025-04-24,noVA_0
2025-04-26,noVA_0
2025-04-28,noVA_0
2025-04-29,noVA_0
2025-04-30,noVA_0
2025-05-01,VA_0
2025-05-03,noVA_0
2025-05-05,noVA_0
2025-05-06,noVA_0
2025-05-07,noVA_0
2025-05-09,noVA_0
2025-05-10,noVA_0
2025-05-11,noVA_0
2025-05-12,noVA_0
2025-05-13,noVA_0
2025-05-15,noVA_0
2025-05-16,noVA_0
2025-05-17,noVA_0
2025-05-18,noVA_0
2025-05-19,noVA_0
2025-05-21,noVA_0
2025-05-22,noVA_0
2025-05-23,noVA_0
2025-05-24,noVA_0
2025-05-26,noVA_0
2025-05-27,noVA_0
2025-05-28,noVA_0
2025-05-29,noVA_0
2025-05-30,noVA_0
2025-05-31,noVA_0
2025-06-01,noVA_0
2025-06-03,noVA_0
2025-06-04,noVA_0
2025-06-06,noVA_0
2025-06-07,noVA_0
2025-06-12,noVA_0
2025-06-13,noVA_0
2025-06-14,noVA_0
2025-06-16,noVA_0
2025-06-17,noVA_0
2025-06-18,noVA_0
2025-06-19,noVA_0
2025-06-20,noVA_0
2025-06-21,noVA_0
2025-06-22,noVA_0
2025-06-24,noVA_0
2025-06-25,noVA_0
2025-06-27,noVA_0
2025-06-30,noVA_0
2025-07-01,noVA_0
2025-07-02,noVA_0
2025-07-03,noVA_0
2025-07-04,noVA_0
2025-07-05,noVA_0
2025-07-06,noVA_0
2025-07-07,noVA_0
2025-07-08,noVA_0
2025-07-09,noVA_0
2025-07-10,noVA_0
2025-07-11,noVA_0
2025-07-12,noVA_0
2025-07-13,noVA_0
2025-07-14,noVA_0
2025-07-15,noVA_0
2025-07-16,noVA_0
2025-07-18,noVA_0
2025-07-19,noVA_0
2025-07-21,noVA_0
2025-07-22,noVA_0
2025-07-23,noVA_0
2025-07-24,noVA_0
2025-07-29,noVA_0
2025-07-30,noVA_0
2025-07-31,noVA_0
2025-08-01,noVA_0
2025-08-02,noVA_0
2025-08-06,noVA_0
2025-08-07,noVA_0
2025-08-08,noVA_0
2025-08-09,noVA_0
2025-08-10,noVA_0
2025-08-11,noVA_0
2025-08-12,noVA_0
2025-08-14,noVA_0
2025-08-15,VA_0
2025-08-16,noVA_0
2025-08-17,noVA_0
2025-08-18,noVA_0
2025-08-19,noVA_0
2025-08-20,noVA_0
2025-08-22,noVA_0
2025-08-23,noVA_0
2025-08-25,noVA_0
2025-08-26,noVA_0
2025-08-27,noVA_0
2025-08-28,noVA_0
2025-09-01,noVA_0
2025-09-03,noVA_0
2025-09-05,noVA_0
2025-09-06,noVA_0
2025-09-08,noVA_0
2025-09-09,noVA_0
2025-09-10,noVA_0
2025-09-11,noVA_0
2025-09-12,noVA_0
2025-09-15,noVA_0
2025-09-18,noVA_0
2025-09-19,noVA_0
2025-09-20,noVA_0
2025-09-21,noVA_0
2025-09-23,noVA_0
2025-09-24,noVA_0
2025-09-25,noVA_0
2025-09-27,noVA_0
2025-09-29,noVA_0
2025-10-03,noVA_0
2025-10-04,noVA_0
2025-10-06,noVA_0
2025-10-07,noVA_0
2025-10-08,noVA_0
2025-10-09,noVA_0
2025-10-10,noVA_0
2025-10-13,noVA_0
2025-10-14,noVA_0
2025-10-15,noVA_0
2025-10-16,noVA_0
2025-10-17,noVA_0
2025-10-18,noVA_0
2025-10-19,noVA_0
2025-10-20,noVA_0
2025-10-21,noVA_0
2025-10-22,noVA_0
2025-10-23,noVA_0
2025-10-24,noVA_0
